,Class,Name,PA,R,HR,RBI,SB,OBP,IP,QS,SV,SO,ERA,WHIP,Total_SGPs
0,Hitter,Mike Trout,675.0,124.0,44.0,112.0,14.0,0.439,x,x,x,x,x,x,19.70500865868932
1,Hitter,Christian Yelich,672.0,112.0,36.0,100.0,22.0,0.4,x,x,x,x,x,x,17.53571643060179
2,Hitter,Ronald Acuna Jr.,680.0,107.0,37.0,94.0,29.0,0.363,x,x,x,x,x,x,16.667379054165142
3,Hitter,Mookie Betts,688.0,118.0,32.0,95.0,18.0,0.39,x,x,x,x,x,x,16.318320729423146
4,Hitter,Cody Bellinger,640.0,99.0,42.0,115.0,12.0,0.385,x,x,x,x,x,x,15.940306925449253
5,Hitter,Trea Turner,687.0,103.0,22.0,75.0,39.0,0.354,x,x,x,x,x,x,15.498767392817648
6,Hitter,Francisco Lindor,692.0,112.0,35.0,95.0,22.0,0.354,x,x,x,x,x,x,15.383604647321423
7,Hitter,Bryce Harper,664.0,102.0,41.0,102.0,11.0,0.38299999999999995,x,x,x,x,x,x,15.336310377306381
8,Hitter,Juan Soto,646.0,97.0,34.0,106.0,9.0,0.406,x,x,x,x,x,x,15.225998987488943
9,Hitter,Jose Ramirez,648.0,95.0,31.0,101.0,23.0,0.36200000000000004,x,x,x,x,x,x,14.93159744890168
10,Hitter,Alex Bregman,658.0,106.0,32.0,103.0,6.0,0.396,x,x,x,x,x,x,14.541765699968947
11,Hitter,J.D. Martinez,649.0,102.0,39.0,120.0,3.0,0.37799999999999995,x,x,x,x,x,x,14.453656935866121
12,Hitter,Trevor Story,652.0,98.0,36.0,101.0,20.0,0.34600000000000003,x,x,x,x,x,x,14.446120179020468
13,Hitter,Aaron Judge,670.0,107.0,41.0,101.0,6.0,0.373,x,x,x,x,x,x,14.409208716214248
14,Pitcher,Gerrit Cole,x,x,x,x,x,x,202.0,22.5,0.0,280.0,3.26,1.04,14.112785290554383
15,Hitter,Giancarlo Stanton,612.0,101.0,48.0,115.0,3.0,0.355,x,x,x,x,x,x,14.072346452608578
16,Hitter,Nolan Arenado,657.0,100.0,40.0,114.0,3.0,0.371,x,x,x,x,x,x,13.967811110257568
17,Hitter,Freddie Freeman,662.0,98.0,33.0,103.0,6.0,0.385,x,x,x,x,x,x,13.849841551889021
18,Pitcher,Max Scherzer,x,x,x,x,x,x,202.0,22.5,0.0,268.0,3.28,1.04,13.80861013013268
19,Pitcher,Justin Verlander,x,x,x,x,x,x,204.0,24.0,0.0,266.0,3.46,1.04,13.759256371469652
20,Hitter,George Springer,687.0,112.0,35.0,91.0,8.0,0.365,x,x,x,x,x,x,13.699255004981445
21,Hitter,Anthony Rizzo,660.0,97.0,32.0,99.0,6.0,0.38799999999999996,x,x,x,x,x,x,13.683762699859484
22,Hitter,Josh Donaldson,644.0,100.0,36.0,103.0,4.0,0.379,x,x,x,x,x,x,13.633914214140496
23,Pitcher,Jacob deGrom,x,x,x,x,x,x,205.0,21.0,0.0,258.0,3.13,1.06,13.42313836818834
24,Hitter,Adalberto Mondesi,649.0,82.0,20.0,76.0,49.0,0.293,x,x,x,x,x,x,13.398905144264063
25,Hitter,Nelson Cruz,641.0,97.0,40.0,114.0,1.0,0.363,x,x,x,x,x,x,13.206795282542984
26,Hitter,Joey Gallo,616.0,90.0,43.0,101.0,8.0,0.349,x,x,x,x,x,x,13.112132189508984
27,Hitter,Yordan Alvarez,602.0,93.0,39.0,107.0,3.0,0.366,x,x,x,x,x,x,13.021315595179935
28,Hitter,Fernando Tatis Jr.,671.0,93.0,31.0,82.0,23.0,0.33299999999999996,x,x,x,x,x,x,12.973844126612649
29,Hitter,Rafael Devers,636.0,95.0,32.0,103.0,9.0,0.355,x,x,x,x,x,x,12.812234123695374
30,Hitter,Tommy Pham,652.0,92.0,25.0,76.0,18.0,0.366,x,x,x,x,x,x,12.785291421130466
31,Hitter,Kris Bryant,669.0,100.0,31.0,91.0,4.0,0.377,x,x,x,x,x,x,12.715603741697425
32,Hitter,Jose Altuve,673.0,100.0,24.0,93.0,12.0,0.361,x,x,x,x,x,x,12.65266821245084
33,Hitter,Peter Alonso,663.0,98.0,44.0,105.0,2.0,0.34299999999999997,x,x,x,x,x,x,12.631781881462107
34,Pitcher,Chris Sale,x,x,x,x,x,x,177.0,21.0,0.0,233.0,3.22,1.03,12.539905350898817
35,Hitter,Rhys Hoskins,656.0,93.0,36.0,96.0,4.0,0.365,x,x,x,x,x,x,12.532399455867544
36,Hitter,Manny Machado,664.0,93.0,37.0,102.0,7.0,0.34299999999999997,x,x,x,x,x,x,12.389125943882613
37,Hitter,Starling Marte,649.0,85.0,22.0,81.0,26.0,0.337,x,x,x,x,x,x,12.37678574791746
38,Hitter,Anthony Rendon,655.0,93.0,28.0,99.0,4.0,0.374,x,x,x,x,x,x,12.290491376074472
39,Hitter,Carlos Correa,637.0,93.0,33.0,105.0,3.0,0.359,x,x,x,x,x,x,12.193362097761048
40,Hitter,Paul Goldschmidt,663.0,91.0,31.0,91.0,5.0,0.369,x,x,x,x,x,x,12.128043218670275
41,Hitter,Charlie Blackmon,660.0,101.0,30.0,84.0,8.0,0.35600000000000004,x,x,x,x,x,x,12.106472587339947
42,Hitter,Carlos Santana,654.0,92.0,29.0,93.0,3.0,0.375,x,x,x,x,x,x,12.007922579061066
43,Hitter,Xander Bogaerts,649.0,92.0,25.0,96.0,6.0,0.368,x,x,x,x,x,x,11.899797872267838
44,Hitter,Shohei Ohtani,555.0,80.0,29.0,89.0,13.0,0.353,x,x,x,x,x,x,11.78725498605616
45,Hitter,Bo Bichette,663.0,92.0,22.0,74.0,24.0,0.32799999999999996,x,x,x,x,x,x,11.768331623004205
46,Hitter,Kyle Schwarber,585.0,86.0,37.0,90.0,5.0,0.354,x,x,x,x,x,x,11.72480379392768
47,Hitter,Matt Olson,642.0,91.0,38.0,103.0,1.0,0.344,x,x,x,x,x,x,11.607333335992523
48,Hitter,Marcus Semien,678.0,98.0,25.0,79.0,12.0,0.34700000000000003,x,x,x,x,x,x,11.557201886798936
49,Hitter,Austin Meadows,624.0,87.0,28.0,84.0,15.0,0.337,x,x,x,x,x,x,11.54648832420803
50,Hitter,Yoan Moncada,662.0,92.0,28.0,86.0,12.0,0.34,x,x,x,x,x,x,11.532918014511981
51,Hitter,Matt Chapman,656.0,95.0,34.0,97.0,3.0,0.34299999999999997,x,x,x,x,x,x,11.449308953535924
52,Hitter,Jonathan Villar,657.0,78.0,17.0,64.0,32.0,0.327,x,x,x,x,x,x,11.441109985769385
53,Hitter,Gleyber Torres,618.0,86.0,34.0,98.0,6.0,0.34,x,x,x,x,x,x,11.395778981844902
54,Hitter,Jorge Soler,637.0,87.0,35.0,96.0,3.0,0.349,x,x,x,x,x,x,11.382804898346366
55,Hitter,Ozzie Albies,652.0,89.0,24.0,82.0,14.0,0.344,x,x,x,x,x,x,11.339148001723757
56,Pitcher,Walker Buehler,x,x,x,x,x,x,194.0,21.0,0.0,225.0,3.45,1.13,11.338633589702395
57,Hitter,Eugenio Suarez,651.0,87.0,36.0,96.0,3.0,0.345,x,x,x,x,x,x,11.321406652035222
58,Hitter,Luis Robert,578.0,77.0,26.0,83.0,23.0,0.317,x,x,x,x,x,x,11.318038441064544
59,Hitter,Marcell Ozuna,634.0,82.0,31.0,100.0,7.0,0.34299999999999997,x,x,x,x,x,x,11.290774698054008
60,Hitter,Javier Baez,637.0,84.0,32.0,100.0,14.0,0.313,x,x,x,x,x,x,11.287663772499204
61,Hitter,Josh Bell,641.0,83.0,29.0,95.0,2.0,0.369,x,x,x,x,x,x,11.284962357715377
62,Hitter,Andrew Benintendi,665.0,94.0,19.0,80.0,13.0,0.353,x,x,x,x,x,x,11.264835811671352
63,Hitter,Joey Votto,670.0,91.0,23.0,76.0,4.0,0.382,x,x,x,x,x,x,11.257074544132006
64,Hitter,Max Kepler,640.0,93.0,31.0,89.0,6.0,0.34299999999999997,x,x,x,x,x,x,11.217224562165425
65,Hitter,Michael Conforto,603.0,82.0,31.0,85.0,5.0,0.358,x,x,x,x,x,x,10.99466719235269
66,Hitter,Ketel Marte,647.0,87.0,23.0,83.0,8.0,0.36,x,x,x,x,x,x,10.981002353986366
67,Hitter,Keston Hiura,613.0,79.0,29.0,92.0,12.0,0.33,x,x,x,x,x,x,10.895396531224947
68,Hitter,Whit Merrifield,688.0,90.0,14.0,65.0,23.0,0.337,x,x,x,x,x,x,10.854066517172273
69,Pitcher,Mike Clevinger,x,x,x,x,x,x,197.0,21.0,0.0,238.0,3.65,1.18,10.851767568739902
70,Pitcher,Stephen Strasburg,x,x,x,x,x,x,200.0,21.0,0.0,228.0,3.59,1.17,10.846592420093922
71,Hitter,Shin-Soo Choo,665.0,92.0,23.0,69.0,10.0,0.35600000000000004,x,x,x,x,x,x,10.819567138247853
72,Pitcher,Shane Bieber,x,x,x,x,x,x,198.0,21.0,0.0,215.0,3.66,1.13,10.777260027978741
73,Hitter,Justin Turner,620.0,87.0,26.0,85.0,3.0,0.364,x,x,x,x,x,x,10.730292525814136
74,Hitter,Lorenzo Cain,656.0,85.0,16.0,65.0,19.0,0.349,x,x,x,x,x,x,10.730068872725818
75,Hitter,Andrew McCutchen,590.0,83.0,27.0,74.0,8.0,0.359,x,x,x,x,x,x,10.717804144390543
76,Hitter,Miguel Sano,581.0,84.0,37.0,97.0,1.0,0.337,x,x,x,x,x,x,10.713904573445578
77,Hitter,Edwin Encarnacion,578.0,81.0,35.0,92.0,2.0,0.34600000000000003,x,x,x,x,x,x,10.683129736732448
78,Hitter,Victor Robles,609.0,71.0,17.0,71.0,27.0,0.326,x,x,x,x,x,x,10.677123377045659
79,Hitter,Jose Abreu,658.0,87.0,32.0,101.0,3.0,0.33299999999999996,x,x,x,x,x,x,10.669214898619396
80,Hitter,Vladimir Guerrero Jr.,622.0,86.0,25.0,87.0,3.0,0.363,x,x,x,x,x,x,10.636944330341608
81,Hitter,Adam Eaton,656.0,90.0,15.0,65.0,12.0,0.366,x,x,x,x,x,x,10.546664439934592
82,Pitcher,Blake Snell,x,x,x,x,x,x,179.0,19.5,0.0,224.0,3.41,1.18,10.524770957737273
83,Hitter,Khris Davis,628.0,85.0,38.0,103.0,1.0,0.321,x,x,x,x,x,x,10.450986820810863
84,Pitcher,Clayton Kershaw,x,x,x,x,x,x,194.0,21.0,0.0,198.0,3.53,1.16,10.32997323228408
85,Pitcher,Charlie Morton,x,x,x,x,x,x,192.0,19.5,0.0,221.0,3.5,1.19,10.318555898357037
86,Hitter,Mike Moustakas,626.0,82.0,36.0,97.0,3.0,0.32299999999999995,x,x,x,x,x,x,10.281451513673838
87,Hitter,Max Muncy,589.0,81.0,29.0,79.0,4.0,0.355,x,x,x,x,x,x,10.279936491717784
88,Hitter,Byron Buxton,542.0,73.0,20.0,73.0,23.0,0.317,x,x,x,x,x,x,10.276599852258736
89,Hitter,Eddie Rosario,634.0,86.0,30.0,102.0,5.0,0.32,x,x,x,x,x,x,10.267217951446272
90,Pitcher,Jack Flaherty,x,x,x,x,x,x,192.0,18.0,0.0,229.0,3.6,1.17,10.199437507271721
91,Hitter,Mallex Smith,588.0,66.0,7.0,48.0,39.0,0.318,x,x,x,x,x,x,10.13701117768745
92,Hitter,Jeff McNeil,660.0,88.0,20.0,73.0,9.0,0.348,x,x,x,x,x,x,10.055587964624127
93,Hitter,Franmil Reyes,572.0,80.0,36.0,93.0,1.0,0.32899999999999996,x,x,x,x,x,x,10.01733971887085
94,Hitter,Jorge Polanco,664.0,91.0,19.0,82.0,7.0,0.344,x,x,x,x,x,x,9.987769034288682
95,Hitter,Michael Brantley,621.0,85.0,21.0,87.0,5.0,0.349,x,x,x,x,x,x,9.983032921042554
96,Hitter,Trey Mancini,657.0,86.0,30.0,90.0,1.0,0.33799999999999997,x,x,x,x,x,x,9.953368933373012
97,Hitter,Ramon Laureano,597.0,76.0,23.0,79.0,14.0,0.327,x,x,x,x,x,x,9.923696977186683
98,Hitter,Justin Upton,624.0,81.0,30.0,91.0,5.0,0.325,x,x,x,x,x,x,9.841070273893411
99,Hitter,DJ LeMahieu,683.0,93.0,19.0,74.0,7.0,0.345,x,x,x,x,x,x,9.824716030776354
100,Hitter,Eloy Jimenez,590.0,80.0,33.0,95.0,1.0,0.32899999999999996,x,x,x,x,x,x,9.815636666421076
101,Hitter,Nicholas Castellanos,661.0,88.0,27.0,90.0,3.0,0.331,x,x,x,x,x,x,9.773113344760755
102,Pitcher,Patrick Corbin,x,x,x,x,x,x,192.0,19.5,0.0,217.0,3.57,1.23,9.756343620213151
103,Hitter,Paul DeJong,642.0,79.0,29.0,89.0,7.0,0.322,x,x,x,x,x,x,9.74380648261103
104,Hitter,Joc Pederson,502.0,77.0,32.0,75.0,3.0,0.34600000000000003,x,x,x,x,x,x,9.709668449684814
105,Hitter,Elvis Andrus,666.0,77.0,14.0,74.0,22.0,0.318,x,x,x,x,x,x,9.707368957629312
106,Hitter,Corey Seager,635.0,85.0,24.0,84.0,2.0,0.348,x,x,x,x,x,x,9.682166646539246
107,Hitter,Yuli Gurriel,620.0,81.0,24.0,93.0,5.0,0.332,x,x,x,x,x,x,9.65044590078998
108,Hitter,Oscar Mercado,617.0,77.0,16.0,67.0,23.0,0.313,x,x,x,x,x,x,9.629502303687511
109,Hitter,Bryan Reynolds,658.0,83.0,19.0,74.0,7.0,0.35100000000000003,x,x,x,x,x,x,9.621767426142712
110,Hitter,Cavan Biggio,592.0,76.0,20.0,66.0,12.0,0.345,x,x,x,x,x,x,9.548031158209904
111,Hitter,Jean Segura,673.0,85.0,16.0,71.0,13.0,0.33399999999999996,x,x,x,x,x,x,9.492947425153801
112,Hitter,Tim Anderson,638.0,78.0,21.0,79.0,17.0,0.308,x,x,x,x,x,x,9.48887888785982
113,Hitter,Yasiel Puig,514.0,64.0,23.0,75.0,13.0,0.335,x,x,x,x,x,x,9.416717977843373
114,Pitcher,Yu Darvish,x,x,x,x,x,x,185.0,18.0,0.0,221.0,3.87,1.19,9.34573454283707
115,Pitcher,Aaron Nola,x,x,x,x,x,x,198.0,19.5,0.0,221.0,3.82,1.24,9.335028816974564
116,Hitter,David Dahl,578.0,75.0,23.0,79.0,9.0,0.331,x,x,x,x,x,x,9.323187834880935
117,Hitter,Mark Canha,594.0,77.0,25.0,80.0,4.0,0.342,x,x,x,x,x,x,9.313288516151431
118,Hitter,Yasmani Grandal,544.0,74.0,25.0,73.0,3.0,0.358,x,x,x,x,x,x,9.30757499816484
119,Hitter,Ryan Braun,532.0,69.0,25.0,80.0,9.0,0.32899999999999996,x,x,x,x,x,x,9.228646413063727
120,Pitcher,Trevor Bauer,x,x,x,x,x,x,200.0,18.0,0.0,238.0,3.93,1.24,9.221517334051311
121,Hitter,Rougned Odor,573.0,71.0,28.0,79.0,13.0,0.302,x,x,x,x,x,x,9.135593838709397
122,Hitter,Nick Senzel,597.0,74.0,18.0,63.0,17.0,0.32299999999999995,x,x,x,x,x,x,9.07144231718977
123,Hitter,Amed Rosario,625.0,69.0,15.0,68.0,20.0,0.318,x,x,x,x,x,x,8.984720835416539
124,Pitcher,Carlos Carrasco,x,x,x,x,x,x,173.0,18.0,0.0,189.0,3.81,1.17,8.839075780750543
125,Hitter,Lourdes Gurriel Jr.,591.0,74.0,27.0,84.0,8.0,0.307,x,x,x,x,x,x,8.798505843455201
126,Hitter,David Peralta,605.0,77.0,22.0,77.0,3.0,0.342,x,x,x,x,x,x,8.793896633671544
127,Hitter,Brandon Lowe,611.0,75.0,25.0,78.0,7.0,0.321,x,x,x,x,x,x,8.790661371324898
128,Hitter,Jackie Bradley Jr.,576.0,73.0,20.0,72.0,11.0,0.325,x,x,x,x,x,x,8.77764390082989
129,Pitcher,Luis Castillo,x,x,x,x,x,x,190.0,18.0,0.0,215.0,3.85,1.25,8.745442798197095
130,Hitter,Brian Anderson,651.0,75.0,21.0,75.0,5.0,0.33899999999999997,x,x,x,x,x,x,8.720038537801983
131,Pitcher,Noah Syndergaard,x,x,x,x,x,x,195.0,18.0,0.0,200.0,3.89,1.21,8.704117972656068
132,Hitter,Kolten Wong,577.0,62.0,12.0,61.0,16.0,0.34700000000000003,x,x,x,x,x,x,8.672561309326806
133,Hitter,Eduardo Escobar,651.0,79.0,25.0,86.0,4.0,0.317,x,x,x,x,x,x,8.639675198339354
134,Hitter,Aristides Aquino,552.0,68.0,32.0,87.0,7.0,0.295,x,x,x,x,x,x,8.609720267526551
135,Hitter,Eric Hosmer,642.0,76.0,24.0,82.0,3.0,0.327,x,x,x,x,x,x,8.53348705198897
136,Pitcher,David Price,x,x,x,x,x,x,164.0,18.0,0.0,175.0,3.69,1.19,8.508027314348947
137,Pitcher,Tyler Glasnow,x,x,x,x,x,x,163.0,16.5,0.0,202.0,3.69,1.23,8.503322695491828
138,Hitter,Willie Calhoun,549.0,71.0,25.0,79.0,2.0,0.335,x,x,x,x,x,x,8.47892722350754
139,Hitter,Danny Santana,579.0,69.0,20.0,70.0,18.0,0.295,x,x,x,x,x,x,8.445865422096192
140,Hitter,Brandon Belt,566.0,69.0,18.0,64.0,5.0,0.358,x,x,x,x,x,x,8.439816642780686
141,Hitter,J.T. Realmuto,537.0,69.0,23.0,75.0,6.0,0.32899999999999996,x,x,x,x,x,x,8.433798674819206
142,Hitter,Matt Carpenter,540.0,72.0,21.0,59.0,5.0,0.35200000000000004,x,x,x,x,x,x,8.418043601580194
143,Hitter,Gregory Polanco,556.0,67.0,22.0,71.0,9.0,0.325,x,x,x,x,x,x,8.387672994545605
144,Hitter,Miguel Cabrera,603.0,71.0,20.0,77.0,1.0,0.35,x,x,x,x,x,x,8.367691573924665
145,Hitter,Gary Sanchez,459.0,66.0,31.0,78.0,1.0,0.324,x,x,x,x,x,x,8.311521623180894
146,Hitter,Christian Walker,566.0,68.0,24.0,78.0,5.0,0.325,x,x,x,x,x,x,8.295032780090148
147,Hitter,C.J. Cron,530.0,68.0,28.0,79.0,2.0,0.324,x,x,x,x,x,x,8.255088788011927
148,Hitter,Mitch Haniger,555.0,70.0,22.0,65.0,6.0,0.335,x,x,x,x,x,x,8.21283223351677
149,Hitter,Renato Nunez,608.0,72.0,29.0,85.0,2.0,0.311,x,x,x,x,x,x,8.194657835597823
150,Hitter,Andrelton Simmons,633.0,71.0,13.0,73.0,11.0,0.32799999999999996,x,x,x,x,x,x,8.18014685377916
151,Pitcher,Luis Severino,x,x,x,x,x,x,171.0,18.0,0.0,186.0,3.98,1.21,8.176700273360808
152,Hitter,Kole Calhoun,576.0,71.0,23.0,71.0,4.0,0.332,x,x,x,x,x,x,8.175284526596366
153,Pitcher,Chris Paddack,x,x,x,x,x,x,166.0,16.5,0.0,178.0,3.87,1.17,8.1656347512795
154,Hitter,Hunter Dozier,628.0,73.0,22.0,81.0,4.0,0.322,x,x,x,x,x,x,8.14400879948185
155,Hitter,Daniel Murphy,549.0,70.0,20.0,77.0,2.0,0.341,x,x,x,x,x,x,8.119240656751723
156,Hitter,Cesar Hernandez,578.0,71.0,11.0,56.0,9.0,0.35600000000000004,x,x,x,x,x,x,8.114405534693072
157,Hitter,Niko Goodrum,636.0,72.0,18.0,70.0,13.0,0.309,x,x,x,x,x,x,8.09708428462338
158,Hitter,Yandy Diaz,586.0,69.0,13.0,63.0,5.0,0.361,x,x,x,x,x,x,8.088669803744503
159,Hitter,Dansby Swanson,605.0,69.0,18.0,67.0,10.0,0.325,x,x,x,x,x,x,8.075767537788437
160,Hitter,Didi Gregorius,600.0,70.0,24.0,83.0,6.0,0.308,x,x,x,x,x,x,8.056320107189327
161,Hitter,Randal Grichuk,548.0,71.0,30.0,84.0,3.0,0.298,x,x,x,x,x,x,7.992161132956201
162,Pitcher,Andrew Heaney,x,x,x,x,x,x,168.0,16.5,0.0,182.0,4.01,1.18,7.969410644794433
163,Pitcher,Max Fried,x,x,x,x,x,x,172.0,18.0,0.0,178.0,3.6,1.29,7.967097681033536
164,Hitter,Ryan McMahon,532.0,64.0,20.0,72.0,5.0,0.337,x,x,x,x,x,x,7.962148939582595
165,Pitcher,Lucas Giolito,x,x,x,x,x,x,191.0,18.0,0.0,219.0,4.26,1.27,7.948412671893996
166,Pitcher,Lance Lynn,x,x,x,x,x,x,192.0,18.0,0.0,207.0,4.07,1.28,7.922923531738154
167,Hitter,Trent Grisham,522.0,66.0,18.0,56.0,10.0,0.335,x,x,x,x,x,x,7.918946739641595
168,Hitter,Kevin Kiermaier,555.0,63.0,17.0,62.0,18.0,0.302,x,x,x,x,x,x,7.918321624581279
169,Hitter,Justin Smoak,472.0,63.0,24.0,68.0,1.0,0.349,x,x,x,x,x,x,7.914186343914056
170,Pitcher,Zack Greinke,x,x,x,x,x,x,199.0,21.0,0.0,180.0,4.27,1.24,7.909266741415616
171,Hitter,Kyle Tucker,409.0,56.0,20.0,59.0,14.0,0.315,x,x,x,x,x,x,7.840619565789113
172,Hitter,Kevin Newman,577.0,63.0,9.0,54.0,18.0,0.32899999999999996,x,x,x,x,x,x,7.826713353120617
173,Pitcher,Brandon Woodruff,x,x,x,x,x,x,183.0,18.0,0.0,201.0,4.07,1.28,7.800304395297275
174,Hitter,Nomar Mazara,523.0,66.0,25.0,77.0,3.0,0.318,x,x,x,x,x,x,7.77714689001078
175,Hitter,Hunter Renfroe,560.0,69.0,30.0,82.0,4.0,0.293,x,x,x,x,x,x,7.771559913661651
176,Hitter,Kyle Seager,593.0,69.0,26.0,78.0,3.0,0.312,x,x,x,x,x,x,7.736245220018308
177,Hitter,Jesse Winker,482.0,62.0,17.0,57.0,3.0,0.368,x,x,x,x,x,x,7.701206077606095
178,Hitter,Willy Adames,595.0,67.0,18.0,69.0,7.0,0.326,x,x,x,x,x,x,7.680462359815675
179,Pitcher,Zack Wheeler,x,x,x,x,x,x,189.0,16.5,0.0,194.0,4.13,1.23,7.667497368703432
180,Hitter,Brett Gardner,509.0,67.0,17.0,57.0,10.0,0.327,x,x,x,x,x,x,7.657258027224571
181,Pitcher,German Marquez,x,x,x,x,x,x,187.0,18.0,0.0,194.0,4.18,1.26,7.622613915813999
182,Hitter,Scott Kingery,605.0,65.0,19.0,69.0,15.0,0.294,x,x,x,x,x,x,7.618227850997785
183,Hitter,Brandon Nimmo,509.0,63.0,15.0,50.0,7.0,0.358,x,x,x,x,x,x,7.6038719920354545
184,Hitter,Anthony Santander,582.0,68.0,24.0,78.0,5.0,0.306,x,x,x,x,x,x,7.598176349158353
185,Pitcher,Eduardo Rodriguez,x,x,x,x,x,x,193.0,19.5,0.0,201.0,4.2,1.31,7.593432934598832
186,Hitter,Avisail Garcia,502.0,61.0,21.0,70.0,6.0,0.324,x,x,x,x,x,x,7.580256705526667
187,Hitter,Dexter Fowler,555.0,64.0,17.0,58.0,8.0,0.336,x,x,x,x,x,x,7.563129437341121
188,Hitter,Todd Frazier,488.0,61.0,22.0,66.0,4.0,0.331,x,x,x,x,x,x,7.460692736546236
189,Hitter,Michael Chavis,534.0,67.0,24.0,74.0,3.0,0.313,x,x,x,x,x,x,7.440289310332769
190,Hitter,Miguel Andujar,531.0,67.0,23.0,77.0,3.0,0.312,x,x,x,x,x,x,7.434163776747299
191,Hitter,Luis Arraez,544.0,65.0,6.0,57.0,6.0,0.369,x,x,x,x,x,x,7.421334057848285
192,Hitter,Jonathan Schoop,557.0,67.0,26.0,79.0,2.0,0.306,x,x,x,x,x,x,7.388691470029519
193,Pitcher,Robbie Ray,x,x,x,x,x,x,174.0,16.5,0.0,214.0,4.13,1.32,7.385971855969956
194,Pitcher,Dinelson Lamet,x,x,x,x,x,x,144.0,13.5,0.0,182.0,3.75,1.22,7.371795998805002
195,Hitter,Mike Yastrzemski,619.0,71.0,19.0,64.0,7.0,0.316,x,x,x,x,x,x,7.35938552552331
196,Hitter,Ian Happ,457.0,57.0,20.0,59.0,7.0,0.332,x,x,x,x,x,x,7.313798559220604
197,Hitter,J.P. Crawford,638.0,71.0,14.0,61.0,8.0,0.325,x,x,x,x,x,x,7.273613240380849
198,Pitcher,Sonny Gray,x,x,x,x,x,x,175.0,16.5,0.0,191.0,3.94,1.31,7.2564013813139505
199,Pitcher,Matthew Boyd,x,x,x,x,x,x,183.0,15.0,0.0,201.0,4.34,1.22,7.255950302182136
200,Hitter,Robinson Cano,565.0,67.0,20.0,74.0,1.0,0.327,x,x,x,x,x,x,7.246454051339013
201,Hitter,Jurickson Profar,529.0,59.0,18.0,63.0,7.0,0.327,x,x,x,x,x,x,7.18437458821756
202,Hitter,Ji-Man Choi,471.0,59.0,18.0,60.0,3.0,0.34700000000000003,x,x,x,x,x,x,7.130202965909627
203,Hitter,Alex Verdugo,496.0,60.0,15.0,62.0,5.0,0.342,x,x,x,x,x,x,7.123982856691145
204,Pitcher,Corey Kluber,x,x,x,x,x,x,187.0,16.5,0.0,188.0,4.23,1.26,7.105369181260326
205,Hitter,Corey Dickerson,563.0,65.0,20.0,69.0,4.0,0.317,x,x,x,x,x,x,7.050917893546619
206,Hitter,Salvador Perez,550.0,66.0,27.0,82.0,2.0,0.29100000000000004,x,x,x,x,x,x,7.0456769758656455
207,Hitter,J.D. Davis,486.0,59.0,21.0,65.0,3.0,0.32899999999999996,x,x,x,x,x,x,7.044500909847101
208,Pitcher,Edwin Diaz,x,x,x,x,x,x,65.0,0.0,31.0,98.0,2.9,1.05,7.0324658481614915
209,Hitter,Tommy Edman,495.0,57.0,11.0,51.0,15.0,0.322,x,x,x,x,x,x,7.027441208683476
210,Pitcher,Jose Berrios,x,x,x,x,x,x,198.0,19.5,0.0,190.0,4.49,1.29,6.990055734538419
211,Hitter,Jason Heyward,507.0,59.0,14.0,58.0,6.0,0.342,x,x,x,x,x,x,6.9871346495790485
212,Pitcher,Frankie Montas,x,x,x,x,x,x,186.0,18.0,0.0,176.0,4.17,1.29,6.983783283915563
213,Pitcher,Aroldis Chapman,x,x,x,x,x,x,65.0,0.0,34.0,94.0,3.01,1.12,6.980841433689794
214,Hitter,Adam Frazier,568.0,66.0,10.0,54.0,7.0,0.341,x,x,x,x,x,x,6.908460388193692
215,Hitter,Evan Longoria,572.0,64.0,21.0,74.0,3.0,0.31,x,x,x,x,x,x,6.882278579447085
216,Pitcher,Josh Hader,x,x,x,x,x,x,65.0,0.0,28.0,106.0,2.95,1.04,6.876904643579911
217,Hitter,Nick Madrigal,440.0,50.0,5.0,44.0,18.0,0.337,x,x,x,x,x,x,6.819031559572016
218,Hitter,Shed Long,550.0,62.0,16.0,58.0,10.0,0.311,x,x,x,x,x,x,6.815858275936423
219,Hitter,Teoscar Hernandez,475.0,58.0,22.0,62.0,7.0,0.302,x,x,x,x,x,x,6.746599976648904
220,Hitter,Albert Pujols,513.0,62.0,22.0,73.0,2.0,0.308,x,x,x,x,x,x,6.73388496525615
221,Pitcher,Chris Archer,x,x,x,x,x,x,180.0,15.0,0.0,196.0,4.19,1.3,6.732715820649056
222,Pitcher,Mike Soroka,x,x,x,x,x,x,189.0,18.0,0.0,165.0,4.12,1.3,6.730858911036829
223,Hitter,Isan Diaz,572.0,61.0,19.0,61.0,7.0,0.312,x,x,x,x,x,x,6.7277759804431705
224,Hitter,JaCoby Jones,552.0,62.0,16.0,58.0,12.0,0.299,x,x,x,x,x,x,6.685175150884564
225,Hitter,A.J. Pollock,449.0,57.0,18.0,59.0,7.0,0.316,x,x,x,x,x,x,6.684461103547961
226,Hitter,Nick Ahmed,600.0,61.0,18.0,70.0,7.0,0.304,x,x,x,x,x,x,6.637416996928684
227,Pitcher,Kirby Yates,x,x,x,x,x,x,65.0,0.0,32.0,89.0,3.21,1.09,6.614742164880668
228,Pitcher,Liam Hendriks,x,x,x,x,x,x,70.0,0.0,30.0,92.0,3.18,1.08,6.592386101363617
229,Hitter,Eric Thames,439.0,55.0,19.0,57.0,4.0,0.33,x,x,x,x,x,x,6.585998896598152
230,Pitcher,Madison Bumgarner,x,x,x,x,x,x,199.0,16.5,0.0,192.0,4.51,1.27,6.578463877501691
231,Pitcher,James Paxton,x,x,x,x,x,x,126.0,13.5,0.0,147.0,3.86,1.19,6.567312486818493
232,Hitter,Mauricio Dubon,556.0,55.0,14.0,58.0,13.0,0.305,x,x,x,x,x,x,6.543440418146244
233,Pitcher,Hyun-Jin Ryu,x,x,x,x,x,x,186.0,16.5,0.0,165.0,4.26,1.26,6.5431579767706065
234,Hitter,Domingo Santana,416.0,52.0,17.0,54.0,5.0,0.33799999999999997,x,x,x,x,x,x,6.5279777304353654
235,Hitter,Jake Lamb,463.0,54.0,18.0,58.0,3.0,0.336,x,x,x,x,x,x,6.512925794088023
236,Hitter,Travis Shaw,434.0,54.0,20.0,58.0,3.0,0.32899999999999996,x,x,x,x,x,x,6.501643483707655
237,Hitter,Victor Reyes,522.0,58.0,10.0,51.0,15.0,0.308,x,x,x,x,x,x,6.500914811212602
238,Pitcher,Jon Gray,x,x,x,x,x,x,186.0,16.5,0.0,190.0,4.32,1.32,6.487261851073476
239,Pitcher,Dylan Bundy,x,x,x,x,x,x,178.0,16.5,0.0,177.0,4.47,1.26,6.483253185966007
240,Pitcher,Miles Mikolas,x,x,x,x,x,x,192.0,16.5,0.0,153.0,4.2,1.25,6.456311858086234
241,Hitter,Gavin Lux,451.0,52.0,14.0,55.0,8.0,0.32799999999999996,x,x,x,x,x,x,6.441570761750348
242,Pitcher,Garrett Richards,x,x,x,x,x,x,165.0,15.0,0.0,171.0,3.9,1.33,6.434593932527045
243,Pitcher,Lance McCullers Jr.,x,x,x,x,x,x,138.0,15.0,0.0,149.0,3.77,1.29,6.427427655454251
244,Pitcher,Jesus Luzardo,x,x,x,x,x,x,149.0,15.0,0.0,151.0,3.98,1.26,6.397916677622527
245,Hitter,Giovanny Urshela,550.0,64.0,18.0,70.0,2.0,0.311,x,x,x,x,x,x,6.391282465338351
246,Pitcher,Craig Kimbrel,x,x,x,x,x,x,65.0,0.0,35.0,90.0,3.58,1.2,6.378418790780261
247,Pitcher,Jose Urquidy,x,x,x,x,x,x,168.0,16.5,0.0,164.0,4.48,1.24,6.370797102410837
248,Hitter,Nick Solak,424.0,51.0,15.0,55.0,5.0,0.33899999999999997,x,x,x,x,x,x,6.370472713192529
249,Hitter,Alex Gordon,498.0,57.0,13.0,56.0,5.0,0.33399999999999996,x,x,x,x,x,x,6.341624467644123
250,Hitter,Starlin Castro,502.0,58.0,15.0,66.0,3.0,0.324,x,x,x,x,x,x,6.337547510226347
251,Hitter,Christin Stewart,494.0,59.0,19.0,60.0,1.0,0.327,x,x,x,x,x,x,6.328539729980968
252,Pitcher,Kenley Jansen,x,x,x,x,x,x,65.0,0.0,37.0,75.0,3.84,1.13,6.32513300353805
253,Hitter,Mitch Moreland,442.0,54.0,22.0,64.0,1.0,0.317,x,x,x,x,x,x,6.281074565301296
254,Hitter,Austin Hays,446.0,53.0,19.0,59.0,8.0,0.299,x,x,x,x,x,x,6.2676391312955335
255,Hitter,Maikel Franco,442.0,54.0,19.0,61.0,1.0,0.33,x,x,x,x,x,x,6.263789760204385
256,Hitter,David Fletcher,549.0,65.0,6.0,51.0,8.0,0.33299999999999996,x,x,x,x,x,x,6.260312739516077
257,Pitcher,Jake Odorizzi,x,x,x,x,x,x,172.0,18.0,0.0,179.0,4.59,1.31,6.260232032592665
258,Hitter,Willson Contreras,408.0,50.0,16.0,56.0,3.0,0.342,x,x,x,x,x,x,6.2449936151705066
259,Hitter,Steven Souza Jr.,376.0,49.0,17.0,51.0,6.0,0.33,x,x,x,x,x,x,6.23438177700578
260,Hitter,Tyler O'Neill,449.0,53.0,22.0,63.0,5.0,0.297,x,x,x,x,x,x,6.194669144879104
261,Pitcher,Marcus Stroman,x,x,x,x,x,x,179.0,16.5,0.0,154.0,3.9,1.35,6.161672679831414
262,Hitter,Hanser Alberto,582.0,63.0,12.0,61.0,6.0,0.315,x,x,x,x,x,x,6.140873073519194
263,Hitter,Buster Posey,518.0,56.0,11.0,56.0,2.0,0.34700000000000003,x,x,x,x,x,x,6.10980255026268
264,Hitter,Evan White,526.0,58.0,19.0,63.0,3.0,0.31,x,x,x,x,x,x,6.104305279484544
265,Hitter,Nick Markakis,462.0,53.0,11.0,57.0,1.0,0.355,x,x,x,x,x,x,6.075074723338738
266,Hitter,Miguel Rojas,588.0,58.0,9.0,54.0,8.0,0.325,x,x,x,x,x,x,6.035378854126447
267,Pitcher,Joe Musgrove,x,x,x,x,x,x,179.0,15.0,0.0,163.0,4.27,1.28,6.0331430211968655
268,Pitcher,Roberto Osuna,x,x,x,x,x,x,65.0,0.0,33.0,76.0,3.64,1.13,6.030636466326183
269,Hitter,Alex Dickerson,461.0,51.0,14.0,57.0,3.0,0.336,x,x,x,x,x,x,5.9880796190965135
270,Pitcher,Kyle Hendricks,x,x,x,x,x,x,179.0,16.5,0.0,151.0,4.32,1.28,5.981397029083627
271,Hitter,Brian Dozier,402.0,50.0,17.0,49.0,5.0,0.326,x,x,x,x,x,x,5.947387641164274
272,Hitter,Kevin Pillar,455.0,50.0,14.0,56.0,10.0,0.302,x,x,x,x,x,x,5.928850710584156
273,Hitter,Luis Urias,493.0,52.0,13.0,55.0,4.0,0.33299999999999996,x,x,x,x,x,x,5.914728606448383
274,Pitcher,Joey Lucchesi,x,x,x,x,x,x,185.0,16.5,0.0,177.0,4.34,1.35,5.913878561834407
275,Pitcher,Brad Hand,x,x,x,x,x,x,65.0,0.0,33.0,80.0,3.68,1.19,5.900625922050522
276,Pitcher,Taylor Rogers,x,x,x,x,x,x,65.0,0.0,31.0,77.0,3.44,1.16,5.8621053976740285
277,Pitcher,Zac Gallen,x,x,x,x,x,x,145.0,13.5,0.0,159.0,4.21,1.28,5.827763284780365
278,Pitcher,Johnny Cueto,x,x,x,x,x,x,182.0,15.0,0.0,156.0,4.2,1.3,5.817886377568073
279,Pitcher,Kevin Gausman,x,x,x,x,x,x,155.0,13.5,0.0,146.0,4.05,1.27,5.8165968128032475
280,Pitcher,Ken Giles,x,x,x,x,x,x,65.0,0.0,30.0,82.0,3.57,1.16,5.778651893043662
281,Pitcher,Jose Quintana,x,x,x,x,x,x,177.0,16.5,0.0,158.0,4.31,1.33,5.752474707669904
282,Pitcher,Masahiro Tanaka,x,x,x,x,x,x,183.0,16.5,0.0,160.0,4.54,1.29,5.71630547472931
283,Pitcher,Cole Hamels,x,x,x,x,x,x,164.0,15.0,0.0,160.0,4.25,1.33,5.659244464126021
284,Pitcher,Mike Minor,x,x,x,x,x,x,201.0,16.5,0.0,186.0,4.64,1.33,5.651938605288359
285,Pitcher,Hector Neris,x,x,x,x,x,x,65.0,0.0,31.0,82.0,3.86,1.2,5.5745063383418385
286,Pitcher,Josh Lindblom,x,x,x,x,x,x,178.0,15.0,0.0,174.0,4.62,1.3,5.545102560754148
287,Pitcher,Julio Urias,x,x,x,x,x,x,127.0,13.5,0.0,134.0,3.99,1.3,5.4601244609806985
288,Pitcher,Caleb Smith,x,x,x,x,x,x,179.0,13.5,0.0,189.0,4.6,1.32,5.443111113164689
289,Pitcher,Steven Matz,x,x,x,x,x,x,159.0,15.0,0.0,153.0,4.36,1.32,5.438994989421314
290,Pitcher,Jose Leclerc,x,x,x,x,x,x,68.0,0.0,29.0,93.0,3.75,1.28,5.414554705160868
291,Pitcher,Raisel Iglesias,x,x,x,x,x,x,65.0,0.0,31.0,78.0,3.9,1.22,5.395076886304676
292,Pitcher,Nathan Eovaldi,x,x,x,x,x,x,143.0,15.0,0.0,136.0,4.27,1.31,5.335187269713915
293,Pitcher,Shohei Ohtani,x,x,x,x,x,x,101.0,10.5,0.0,123.0,3.74,1.22,5.294053323571608
294,Pitcher,Nick Anderson,x,x,x,x,x,x,65.0,0.0,20.0,89.0,3.25,1.08,5.284995692366695
295,Pitcher,Brandon Workman,x,x,x,x,x,x,68.0,0.0,32.0,82.0,3.89,1.32,5.2746296842933935
296,Pitcher,Griffin Canning,x,x,x,x,x,x,135.0,13.5,0.0,139.0,4.36,1.28,5.2157002861798665
297,Pitcher,Keone Kela,x,x,x,x,x,x,65.0,0.0,27.0,81.0,3.63,1.22,5.190202612961094
298,Pitcher,Archie Bradley,x,x,x,x,x,x,65.0,0.0,33.0,72.0,3.94,1.31,5.1680144593486395
299,Pitcher,Pablo Lopez,x,x,x,x,x,x,157.0,13.5,0.0,135.0,4.18,1.3,5.159984080743789
300,Pitcher,Anthony DeSclafani,x,x,x,x,x,x,153.0,13.5,0.0,151.0,4.51,1.29,5.129409493673026
301,Pitcher,Mitch Keller,x,x,x,x,x,x,140.0,12.0,0.0,149.0,4.16,1.32,5.120848964995741
302,Pitcher,Luke Weaver,x,x,x,x,x,x,134.0,12.0,0.0,138.0,4.25,1.28,5.038474831706581
303,Pitcher,Kenta Maeda,x,x,x,x,x,x,154.0,15.0,0.0,156.0,4.66,1.33,5.029950441285626
304,Pitcher,A.J. Puk,x,x,x,x,x,x,126.0,12.0,0.0,137.0,4.14,1.33,4.870948034151865
305,Pitcher,Mike Foltynewicz,x,x,x,x,x,x,181.0,15.0,0.0,170.0,4.73,1.35,4.837660337195077
306,Pitcher,Dallas Keuchel,x,x,x,x,x,x,197.0,18.0,0.0,150.0,4.39,1.42,4.818144520976965
307,Pitcher,Carlos Martinez,x,x,x,x,x,x,128.0,10.5,7.0,121.0,4.15,1.36,4.79250285098949
308,Pitcher,Joe Jimenez,x,x,x,x,x,x,65.0,0.0,29.0,76.0,4.2,1.27,4.77358031409179
309,Pitcher,Ian Kennedy,x,x,x,x,x,x,65.0,0.0,31.0,66.0,4.35,1.25,4.741303304477577
310,Pitcher,Rick Porcello,x,x,x,x,x,x,165.0,13.5,0.0,148.0,4.62,1.31,4.676553818595339
311,Pitcher,Tony Watson,x,x,x,x,x,x,68.0,0.0,28.0,63.0,3.88,1.26,4.614196864256415
312,Pitcher,Jakob Junis,x,x,x,x,x,x,182.0,15.0,0.0,160.0,4.78,1.34,4.605426985726679
313,Pitcher,Kyle Gibson,x,x,x,x,x,x,174.0,15.0,0.0,157.0,4.45,1.41,4.580834654729867
314,Pitcher,Sean Manaea,x,x,x,x,x,x,162.0,15.0,0.0,133.0,4.58,1.33,4.5707202523042865
315,Pitcher,Yonny Chirinos,x,x,x,x,x,x,135.0,12.0,0.0,118.0,4.27,1.28,4.564061816213783
316,Pitcher,Giovanny Gallegos,x,x,x,x,x,x,65.0,0.0,21.0,77.0,3.71,1.17,4.542654243703626
317,Pitcher,Alex Colome,x,x,x,x,x,x,65.0,0.0,31.0,65.0,4.24,1.33,4.531755441438634
318,Pitcher,Danny Duffy,x,x,x,x,x,x,184.0,15.0,0.0,159.0,4.73,1.36,4.479579258738526
319,Pitcher,Alex Wood,x,x,x,x,x,x,119.0,12.0,0.0,103.0,4.06,1.29,4.460416001994834
320,Pitcher,Adrian Houser,x,x,x,x,x,x,155.0,13.5,0.0,145.0,4.45,1.38,4.4194069490339185
321,Pitcher,Marco Gonzales,x,x,x,x,x,x,193.0,15.0,0.0,147.0,4.62,1.35,4.40521149250865
322,Pitcher,Jon Lester,x,x,x,x,x,x,176.0,15.0,0.0,158.0,4.73,1.38,4.373989384017563
323,Pitcher,Mark Melancon,x,x,x,x,x,x,65.0,0.0,26.0,61.0,3.72,1.29,4.349189552002959
324,Pitcher,Brendan McKay,x,x,x,x,x,x,92.0,9.0,0.0,101.0,3.91,1.22,4.314579500388451
325,Pitcher,Chris Bassitt,x,x,x,x,x,x,124.0,12.0,0.0,114.0,4.41,1.3,4.225282272660734
326,Pitcher,Vince Velasquez,x,x,x,x,x,x,119.0,10.5,0.0,130.0,4.54,1.29,4.219460142052455
327,Pitcher,Michael Pineda,x,x,x,x,x,x,129.0,12.0,0.0,117.0,4.63,1.29,4.058568928891906
328,Pitcher,Brad Peacock,x,x,x,x,x,x,119.0,12.0,0.0,126.0,4.63,1.34,4.04138216736329
329,Pitcher,Jeff Samardzija,x,x,x,x,x,x,191.0,13.5,0.0,153.0,4.75,1.35,4.031670601804094
330,Pitcher,Sean Newcomb,x,x,x,x,x,x,131.0,12.0,0.0,132.0,4.37,1.4,4.0181992950707235
331,Pitcher,Brandon Kintzler,x,x,x,x,x,x,65.0,0.0,27.0,54.0,4.0,1.33,3.9953631076645557
332,Pitcher,Hansel Robles,x,x,x,x,x,x,65.0,0.0,23.0,71.0,4.21,1.27,3.9875052867924157
333,Pitcher,Drew Smyly,x,x,x,x,x,x,121.0,10.5,0.0,123.0,4.46,1.32,3.9702819767284576
334,Pitcher,Dustin May,x,x,x,x,x,x,102.0,10.5,0.0,89.0,4.07,1.27,3.9684512067671496
335,Pitcher,Reynaldo Lopez,x,x,x,x,x,x,159.0,13.5,0.0,148.0,4.97,1.35,3.9052837377778333
336,Pitcher,Yusei Kikuchi,x,x,x,x,x,x,173.0,13.5,0.0,141.0,4.74,1.37,3.7931356412148323
337,Pitcher,Sean Doolittle,x,x,x,x,x,x,60.0,0.0,19.0,66.0,4.07,1.2,3.7346477426852087
338,Pitcher,Wade Miley,x,x,x,x,x,x,147.0,13.5,0.0,129.0,4.47,1.44,3.690542933873159
339,Pitcher,Aaron Civale,x,x,x,x,x,x,148.0,13.5,0.0,116.0,4.81,1.33,3.6823400870110263
340,Pitcher,Adam Wainwright,x,x,x,x,x,x,145.0,12.0,0.0,123.0,4.45,1.39,3.6500158705069015
341,Pitcher,Eric Lauer,x,x,x,x,x,x,148.0,13.5,0.0,135.0,4.79,1.4,3.6473535382121525
342,Pitcher,Mike Leake,x,x,x,x,x,x,175.0,13.5,0.0,119.0,4.7,1.34,3.588300095101256
343,Pitcher,Nick Pivetta,x,x,x,x,x,x,93.0,7.5,0.0,102.0,4.18,1.27,3.5714770571431482
344,Pitcher,Spencer Turnbull,x,x,x,x,x,x,139.0,12.0,0.0,127.0,4.65,1.39,3.533000103035686
345,Pitcher,Martin Perez,x,x,x,x,x,x,162.0,15.0,0.0,126.0,4.62,1.44,3.525266464489307
346,Pitcher,Will Smith,x,x,x,x,x,x,65.0,0.0,8.0,84.0,3.38,1.16,3.4956205483807126
347,Pitcher,Jake Arrieta,x,x,x,x,x,x,168.0,13.5,0.0,139.0,4.75,1.41,3.473980626228604
348,Pitcher,J.A. Happ,x,x,x,x,x,x,114.0,10.5,0.0,108.0,4.66,1.32,3.46342479967651
349,Pitcher,Dylan Cease,x,x,x,x,x,x,108.0,10.5,0.0,115.0,4.52,1.41,3.3467770892881576
350,Pitcher,Ryan Yarbrough,x,x,x,x,x,x,121.0,10.5,0.0,98.0,4.53,1.32,3.3320198766225135
351,Pitcher,Sandy Alcantara,x,x,x,x,x,x,188.0,13.5,0.0,157.0,4.76,1.45,3.271794301249052
352,Pitcher,Mychal Givens,x,x,x,x,x,x,65.0,0.0,14.0,76.0,4.0,1.26,3.264116443409109
353,Pitcher,Tanner Roark,x,x,x,x,x,x,181.0,13.5,0.0,153.0,5.15,1.38,3.213887969818817
354,Pitcher,Matt Shoemaker,x,x,x,x,x,x,145.0,12.0,0.0,128.0,5.03,1.36,3.1771487512863015
355,Pitcher,Anibal Sanchez,x,x,x,x,x,x,163.0,13.5,0.0,140.0,5.06,1.4,3.1650072976859414
356,Pitcher,Jose Urena,x,x,x,x,x,x,149.0,10.5,0.0,119.0,4.55,1.38,3.156424722961177
357,Pitcher,Jordan Yamamoto,x,x,x,x,x,x,135.0,10.5,0.0,128.0,4.72,1.4,3.1482943552807194
358,Pitcher,Brad Keller,x,x,x,x,x,x,182.0,15.0,0.0,137.0,4.74,1.47,3.0721505207461517
359,Pitcher,Daniel Norris,x,x,x,x,x,x,147.0,12.0,0.0,127.0,4.93,1.39,3.0596492860424
360,Pitcher,Matt Barnes,x,x,x,x,x,x,68.0,0.0,4.0,93.0,3.38,1.23,3.0474298389923775
361,Pitcher,Merrill Kelly,x,x,x,x,x,x,109.0,9.0,0.0,101.0,4.57,1.34,3.0404759282267246
362,Pitcher,Elieser Hernandez,x,x,x,x,x,x,93.0,7.5,0.0,94.0,4.48,1.29,3.031640586408269
363,Pitcher,Dellin Betances,x,x,x,x,x,x,55.0,0.0,4.0,78.0,3.07,1.15,3.0054441346118113
364,Pitcher,Jose Alvarado,x,x,x,x,x,x,60.0,0.0,9.0,76.0,3.32,1.3,2.9921720529193907
365,Pitcher,Logan Webb,x,x,x,x,x,x,99.0,9.0,0.0,87.0,4.2,1.38,2.9761461335023
366,Pitcher,Brett Anderson,x,x,x,x,x,x,143.0,13.5,0.0,95.0,4.54,1.43,2.951746363838989
367,Pitcher,Chad Kuhl,x,x,x,x,x,x,108.0,9.0,0.0,105.0,4.61,1.37,2.9405136672112335
368,Pitcher,Mike Fiers,x,x,x,x,x,x,188.0,15.0,0.0,144.0,5.21,1.4,2.9379322342766576
369,Pitcher,Diego Castillo,x,x,x,x,x,x,60.0,0.0,5.0,73.0,3.26,1.17,2.90389491016179
370,Pitcher,Dakota Hudson,x,x,x,x,x,x,166.0,13.5,0.0,126.0,4.54,1.5,2.8378732332906096
371,Pitcher,Emilio Pagan,x,x,x,x,x,x,65.0,0.0,1.0,83.0,3.51,1.09,2.83596274071189
372,Pitcher,Zach Eflin,x,x,x,x,x,x,146.0,12.0,0.0,120.0,5.05,1.38,2.821200211770445
373,Pitcher,Ryne Stanek,x,x,x,x,x,x,65.0,0.0,5.0,83.0,3.58,1.22,2.8171336810575918
374,Pitcher,Yoshihisa Hirano,x,x,x,x,x,x,60.0,0.0,21.0,55.0,4.62,1.39,2.816881930682366
375,Pitcher,Ryan Pressly,x,x,x,x,x,x,65.0,0.0,2.0,78.0,3.36,1.15,2.738786297959381
376,Pitcher,Chad Green,x,x,x,x,x,x,60.0,0.0,0.0,81.0,3.44,1.07,2.717005959678417
377,Pitcher,Ty Buttrey,x,x,x,x,x,x,65.0,0.0,5.0,75.0,3.56,1.2,2.7160797991437398
378,Pitcher,Trent Thornton,x,x,x,x,x,x,93.0,7.5,0.0,90.0,4.64,1.31,2.7074180948997983
379,Pitcher,Julio Teheran,x,x,x,x,x,x,179.0,15.0,0.0,155.0,5.3,1.46,2.679096706410303
380,Pitcher,Daniel Hudson,x,x,x,x,x,x,67.0,0.0,15.0,69.0,4.36,1.36,2.6493790773984323
381,Pitcher,Wade Davis,x,x,x,x,x,x,65.0,0.0,24.0,65.0,5.11,1.5,2.644516568381853
382,Pitcher,Joshua James,x,x,x,x,x,x,60.0,0.0,1.0,84.0,3.38,1.17,2.632308101426241
383,Pitcher,Trevor Williams,x,x,x,x,x,x,167.0,12.0,0.0,135.0,5.02,1.42,2.6044614599240496
384,Pitcher,Homer Bailey,x,x,x,x,x,x,124.0,12.0,0.0,99.0,5.02,1.4,2.5799396748317553
385,Pitcher,Seth Lugo,x,x,x,x,x,x,65.0,0.0,2.0,75.0,3.54,1.15,2.5561184804209174
386,Pitcher,Michael Kopech,x,x,x,x,x,x,91.0,7.5,0.0,103.0,4.78,1.39,2.534549134002895
387,Pitcher,Gio Gonzalez,x,x,x,x,x,x,133.0,12.0,0.0,114.0,4.9,1.47,2.490583919277814
388,Pitcher,Kendall Graveman,x,x,x,x,x,x,137.0,10.5,0.0,103.0,4.78,1.4,2.4890407054811665
389,Pitcher,Tyler Chatwood,x,x,x,x,x,x,116.0,10.5,0.0,109.0,4.51,1.53,2.467458852884803
390,Pitcher,Alec Mills,x,x,x,x,x,x,95.0,7.5,0.0,85.0,4.64,1.34,2.44144060234571
391,Pitcher,Justus Sheffield,x,x,x,x,x,x,148.0,10.5,0.0,131.0,4.8,1.48,2.392291346412786
392,Pitcher,Will Harris,x,x,x,x,x,x,67.0,0.0,4.0,70.0,3.56,1.24,2.374723067001576
393,Pitcher,Tommy Kahnle,x,x,x,x,x,x,68.0,0.0,0.0,86.0,3.61,1.21,2.3588010186878936
394,Pitcher,Kyle Freeland,x,x,x,x,x,x,154.0,13.5,0.0,128.0,5.08,1.49,2.351696565784636
395,Pitcher,Ross Stripling,x,x,x,x,x,x,80.0,0.0,0.0,80.0,3.7,1.18,2.345931671364748
396,Pitcher,John Means,x,x,x,x,x,x,183.0,12.0,0.0,142.0,5.33,1.38,2.3407620038103905
397,Pitcher,Andrew Miller,x,x,x,x,x,x,68.0,0.0,2.0,80.0,3.65,1.24,2.3198403654493616
398,Pitcher,Hunter Harvey,x,x,x,x,x,x,60.0,0.0,14.0,62.0,4.61,1.35,2.3189400714788486
399,Pitcher,Blake Treinen,x,x,x,x,x,x,62.0,0.0,4.0,67.0,3.45,1.25,2.3183007929670914
400,Pitcher,Zach Plesac,x,x,x,x,x,x,119.0,10.5,0.0,97.0,5.07,1.39,2.3122456938544036
401,Pitcher,Drew Pomeranz,x,x,x,x,x,x,58.0,0.0,1.0,73.0,3.4,1.19,2.296900532310531
402,Pitcher,Alex Cobb,x,x,x,x,x,x,181.0,13.5,0.0,129.0,5.17,1.43,2.2293992270218506
403,Pitcher,Shaun Anderson,x,x,x,x,x,x,60.0,0.0,8.0,55.0,3.85,1.26,2.216245464086794
404,Pitcher,Joe Ross,x,x,x,x,x,x,108.0,9.0,0.0,90.0,4.85,1.41,2.1486231705779426
405,Pitcher,Corey Knebel,x,x,x,x,x,x,45.0,0.0,4.0,62.0,3.53,1.22,2.137991951440349
